{"cameraMode":{"drawMode":0,"name":"Shaded","section":"Shading Mode"},"sceneLighting":false,"audioPlay":false,"sceneViewState":{"showFog":true,"showMaterialUpdate":false,"showSkybox":false,"showFlares":true,"showImageEffects":true,"showParticleSystems":true},"in2DMode":false,"pivot":{"x":4.055212020874023,"y":1.1943552494049073,"z":0.7135581970214844},"rotation":{"x":-0.0957714170217514,"y":-0.6391277313232422,"z":0.08043599128723145,"w":-0.7588633894920349},"size":5.1955461502075199,"orthographic":false}