{"cameraMode":{"drawMode":0,"name":"Shaded","section":"Shading Mode"},"sceneLighting":false,"audioPlay":false,"sceneViewState":{"showFog":true,"showMaterialUpdate":false,"showSkybox":false,"showFlares":true,"showImageEffects":true,"showParticleSystems":true},"in2DMode":false,"pivot":{"x":3.0512821674346926,"y":1.9781482219696046,"z":-0.9738605618476868},"rotation":{"x":0.012892825528979302,"y":-0.9853875041007996,"z":0.14770305156707765,"w":0.0838397666811943},"size":1.5292370319366456,"orthographic":false}