{"cameraMode":{"drawMode":0,"name":"Shaded","section":"Shading Mode"},"sceneLighting":false,"audioPlay":false,"sceneViewState":{"showFog":true,"showMaterialUpdate":false,"showSkybox":false,"showFlares":true,"showImageEffects":true,"showParticleSystems":true},"in2DMode":false,"pivot":{"x":-0.10521066188812256,"y":1.100000023841858,"z":4.497135639190674},"rotation":{"x":-0.31697145104408266,"y":0.6759743690490723,"z":-0.4074098467826843,"w":-0.5259325504302979},"size":4.003199100494385,"orthographic":false}