{"cameraMode":{"drawMode":0,"name":"Shaded","section":"Shading Mode"},"sceneLighting":false,"audioPlay":false,"sceneViewState":{"showFog":true,"showMaterialUpdate":false,"showSkybox":false,"showFlares":true,"showImageEffects":true,"showParticleSystems":true},"in2DMode":false,"pivot":{"x":3.807925224304199,"y":-2.083303689956665,"z":-1.1015429496765137},"rotation":{"x":0.26936471462249758,"y":0.39389529824256899,"z":-0.12227974832057953,"w":0.8702509999275208},"size":0.20005212724208833,"orthographic":false}